<?xml version="1.0" encoding="UTF-8"?>
<beans xmlns="http://www.springframework.org/schema/beans"
       xmlns:jaxws="http://cxf.apache.org/jaxws"
       xmlns:xsi="http://www.w3.org/2001/XMLSchema-instance"
       xsi:schemaLocation="
          http://www.springframework.org/schema/beans
          http://www.springframework.org/schema/beans/spring-beans.xsd
          http://cxf.apache.org/jaxws
          http://cxf.apache.org/schemas/jaxws.xsd" default-autowire="byName">

	<import resource="classpath:META-INF/cxf/cxf.xml"/>
    <!--合并优惠券和促销库存接口后，启动报错，将其注释 20170321,wanghao-->
	<!--<import resource="classpath:META-INF/cxf/cxf-extension-soap.xml"/>-->
	<import resource="classpath:META-INF/cxf/cxf-servlet.xml"/>


	<jaxws:client id="epackWSForLShopSoap"
		serviceClass="org.tempuri.EpackWSForLShopSoap"
		address="http://10.99.101.68:91/WebService/EpackWSForLShop.asmx">
        <jaxws:properties>
            <entry key="set-jaxb-validation-event-handler" value="false"/>
        </jaxws:properties>
	</jaxws:client>
</beans>
